X,Y,id,name
23.7614542,37.9864972,5168803,Κηφισίας
23.7615506,37.9866341,5168803,Κηφισίας
23.7619016,37.9870114,5168803,Κηφισίας
23.7621174,37.9872199,5168803,Κηφισίας
23.7623317,37.9874009,5168803,Κηφισίας
23.7623826,37.9874439,5168803,Κηφισίας
23.762459,37.9875065,5168803,Κηφισίας
23.7629909,37.987939,5168803,Κηφισίας
23.7632074,37.988121,5168803,Κηφισίας
23.7637074,37.9885314,5168803,Κηφισίας
23.7637373,37.9885619,5168803,Κηφισίας
23.7637958,37.9886238,5168803,Κηφισίας
23.7641804,37.9890781,5168803,Κηφισίας
23.7642025,37.9891046,5168803,Κηφισίας
23.764237,37.989139,5168803,Κηφισίας
23.7392463,37.9574221,5203794,Αίνου
23.7384406,37.9572831,5203794,Αίνου
23.735266,37.9569363,5203817,Κασομούλη
23.7351831,37.956919,5203817,Κασομούλη
23.7351446,37.956907,5203817,Κασομούλη
23.734839,37.956812,5203817,Κασομούλη
23.7346925,37.9567745,5203817,Κασομούλη
23.7345375,37.9567711,5203817,Κασομούλη
23.734354,37.9567932,5203817,Κασομούλη
23.734215,37.9568206,5203817,Κασομούλη
23.7340487,37.9568534,5203817,Κασομούλη
23.7333176,37.956984,5203817,Κασομούλη
23.7245348,37.9629015,5203818,Αμβροσίου Φραντζή
23.7245957,37.96282,5203818,Αμβροσίου Φραντζή
23.6816285,37.9436354,5203828,Καποδιστρίου
23.6820991,37.9447015,5203828,Καποδιστρίου
23.6821568,37.9447846,5203828,Καποδιστρίου
23.682237,37.9448346,5203828,Καποδιστρίου
23.6826484,37.9457026,5203828,Καποδιστρίου
23.6828893,37.94621,5203828,Καποδιστρίου
23.6830736,37.9466134,5203828,Καποδιστρίου
23.6834857,37.9476384,5203828,Καποδιστρίου
23.6837598,37.9483108,5203828,Καποδιστρίου
23.6840093,37.9489272,5203828,Καποδιστρίου
23.6841734,37.9493217,5203828,Καποδιστρίου
23.6843473,37.9497342,5203828,Καποδιστρίου
23.6791776,37.94564,5203829,Αγίου Κωνσταντίνου
23.6803427,37.9453127,5203829,Αγίου Κωνσταντίνου
23.680845,37.9451684,5203829,Αγίου Κωνσταντίνου
23.6813873,37.9450124,5203829,Αγίου Κωνσταντίνου
23.6821568,37.9447846,5203829,Αγίου Κωνσταντίνου
23.6879726,37.9559969,5203837,Καμπούρη Εμμ.
23.6880425,37.9558778,5203837,Καμπούρη Εμμ.
23.6892555,37.9555659,5203837,Καμπούρη Εμμ.
23.6907835,37.955173,5203837,Καμπούρη Εμμ.
23.6850247,37.9565734,5203845,Θεσσαλονίκης
23.6851333,37.9566067,5203845,Θεσσαλονίκης
23.6851602,37.9566149,5203845,Θεσσαλονίκης
23.6851846,37.9566223,5203845,Θεσσαλονίκης
23.6852408,37.9566395,5203845,Θεσσαλονίκης
23.6872551,37.957254,5203845,Θεσσαλονίκης
23.688792,37.957738,5203845,Θεσσαλονίκης
23.6889519,37.9577879,5203845,Θεσσαλονίκης
23.6890809,37.9578281,5203845,Θεσσαλονίκης
23.6898358,37.9580636,5203845,Θεσσαλονίκης
23.6898728,37.9580751,5203845,Θεσσαλονίκης
23.6899782,37.958108,5203845,Θεσσαλονίκης
23.6900971,37.9581446,5203845,Θεσσαλονίκης
23.6915033,37.9585778,5203845,Θεσσαλονίκης
23.6915614,37.9585962,5203845,Θεσσαλονίκης
23.6926275,37.9589344,5203845,Θεσσαλονίκης
23.6920646,37.9561445,5203859,Πλωμαρίου
23.6914341,37.9567379,5203859,Πλωμαρίου
23.6909241,37.9572178,5203859,Πλωμαρίου
23.6905087,37.9576087,5203859,Πλωμαρίου
23.6900653,37.9580334,5203859,Πλωμαρίου
23.6900971,37.9581446,5203859,Πλωμαρίου
23.6795664,37.9536829,5208726,Στρατηγού Μακρυγιάννη
23.6792547,37.9526633,5208726,Στρατηγού Μακρυγιάννη
23.6791789,37.9524403,5208726,Στρατηγού Μακρυγιάννη
23.6790272,37.9519942,5208726,Στρατηγού Μακρυγιάννη
23.6790093,37.9519282,5208726,Στρατηγού Μακρυγιάννη
23.6786372,37.9507862,5208726,Στρατηγού Μακρυγιάννη
23.7315867,37.9684154,5209166,Ανδρέα Συγγρού
23.731461,37.9683182,5209166,Ανδρέα Συγγρού
23.7313036,37.9681963,5209166,Ανδρέα Συγγρού
23.7309288,37.9679063,5209166,Ανδρέα Συγγρού
23.7308273,37.9678278,5209166,Ανδρέα Συγγρού
23.7305574,37.967619,5209166,Ανδρέα Συγγρού
23.7304383,37.9675268,5209166,Ανδρέα Συγγρού
23.7303776,37.9674798,5209166,Ανδρέα Συγγρού
23.7302306,37.9673661,5209166,Ανδρέα Συγγρού
23.7334496,37.9672276,5209181,Καλλιρόης
23.7333121,37.9672144,5209181,Καλλιρόης
23.7332128,37.9672038,5209181,Καλλιρόης
23.7329084,37.9671699,5209181,Καλλιρόης
23.7325879,37.9671393,5209181,Καλλιρόης
23.7324377,37.967116,5209181,Καλλιρόης
23.7322553,37.9670811,5209181,Καλλιρόης
23.7321105,37.9670198,5209181,Καλλιρόης
23.7319428,37.9669331,5209181,Καλλιρόης
23.7316277,37.9667407,5209181,Καλλιρόης
23.7314278,37.9666075,5209181,Καλλιρόης
23.7313742,37.9665694,5209181,Καλλιρόης
23.731283,37.966507,5209181,Καλλιρόης
23.7926359,37.9710342,5209449,
23.7930388,37.9712518,5209449,
23.7932958,37.9714355,5209449,
23.7934893,37.9715942,5209449,
23.7937493,37.9718788,5209449,
23.7938397,37.9720059,5209449,
23.7940211,37.9723124,5209449,
23.7940924,37.9724801,5209449,
23.7942506,37.9729462,5209449,
23.7943387,37.9731555,5209449,
23.7944543,37.9733477,5209449,
23.7946007,37.973554,5209449,
23.7947471,37.9737278,5209449,
23.794897,37.9738633,5209449,
23.7954364,37.9742911,5209449,
23.7959232,37.9747328,5209449,
23.7960456,37.9748631,5209449,
23.796144,37.9749833,5209449,
23.7996736,37.9776058,5209458,Σήραγγα Κατεχάκη
23.7994404,37.977541,5209458,Σήραγγα Κατεχάκη
23.7991612,37.9774263,5209458,Σήραγγα Κατεχάκη
23.7983274,37.9770356,5209458,Σήραγγα Κατεχάκη
23.7976617,37.9767233,5209458,Σήραγγα Κατεχάκη
23.797444,37.9766072,5209458,Σήραγγα Κατεχάκη
23.7972581,37.9765005,5209458,Σήραγγα Κατεχάκη
23.7970884,37.9763897,5209458,Σήραγγα Κατεχάκη
23.7969155,37.9762597,5209458,Σήραγγα Κατεχάκη
23.7967645,37.9761348,5209458,Σήραγγα Κατεχάκη
23.7966183,37.9759945,5209458,Σήραγγα Κατεχάκη
23.7964546,37.9758282,5209458,Σήραγγα Κατεχάκη
23.7962087,37.9755635,5209458,Σήραγγα Κατεχάκη
23.795758,37.975076,5209458,Σήραγγα Κατεχάκη
23.7955675,37.9748961,5209458,Σήραγγα Κατεχάκη
23.7953873,37.9747455,5209458,Σήραγγα Κατεχάκη
23.7934781,37.9734334,5209488,
23.7935364,37.9732408,5209488,
23.7935659,37.9730696,5209488,
23.7935766,37.9729343,5209488,
23.7935807,37.9727958,5209488,
23.7935726,37.9726678,5209488,
23.7935468,37.972513,5209488,
23.7935067,37.9723777,5209488,
23.7934487,37.9722412,5209488,
23.7933955,37.9721416,5209488,
23.7933294,37.9720446,5209488,
23.7932534,37.9719647,5209488,
23.7931365,37.9718818,5209488,
23.7930208,37.9718339,5209488,
23.7929115,37.9718165,5209488,
23.7927658,37.9718162,5209488,
23.79263,37.9718473,5209488,
23.7925078,37.971905,5209488,
23.7924027,37.9719832,5209488,
23.7923294,37.9720831,5209488,
23.7922899,37.9721838,5209488,
23.7922799,37.9722957,5209488,
23.7922958,37.9723991,5209488,
23.7923287,37.9725011,5209488,
23.7923779,37.9726006,5209488,
23.7924685,37.9727462,5209488,
23.7925736,37.9728709,5209488,
23.7926926,37.9729901,5209488,
23.7928075,37.9730938,5209488,
23.7929364,37.9731976,5209488,
23.7930692,37.9732925,5209488,
23.7611292,37.9863578,5214460,Βασιλίσσης Σοφίας
23.7608721,37.9859797,5214460,Βασιλίσσης Σοφίας
23.7607989,37.9858836,5214460,Βασιλίσσης Σοφίας
23.760669,37.9856985,5214460,Βασιλίσσης Σοφίας
23.7605877,37.9855959,5214460,Βασιλίσσης Σοφίας
23.7604934,37.9854856,5214460,Βασιλίσσης Σοφίας
23.7604207,37.9854087,5214460,Βασιλίσσης Σοφίας
23.7603204,37.9853073,5214460,Βασιλίσσης Σοφίας
23.7602972,37.9852806,5214460,Βασιλίσσης Σοφίας
23.7602118,37.9851952,5214460,Βασιλίσσης Σοφίας
23.7505103,37.9771443,5214469,Βασιλέως Κωνσταντίνου
23.7501596,37.9769041,5214469,Βασιλέως Κωνσταντίνου
23.7495004,37.9764561,5214469,Βασιλέως Κωνσταντίνου
23.7494591,37.9764296,5214469,Βασιλέως Κωνσταντίνου
23.7493656,37.976364,5214469,Βασιλέως Κωνσταντίνου
23.7385198,37.9691181,5214471,Βασιλέως Κωνσταντίνου
23.7386067,37.9691755,5214471,Βασιλέως Κωνσταντίνου
23.7387129,37.9692375,5214471,Βασιλέως Κωνσταντίνου
23.738784,37.9692756,5214471,Βασιλέως Κωνσταντίνου
23.7388658,37.9693158,5214471,Βασιλέως Κωνσταντίνου
23.7390665,37.9694089,5214471,Βασιλέως Κωνσταντίνου
23.7393755,37.9695578,5214471,Βασιλέως Κωνσταντίνου
23.7396093,37.9696789,5214471,Βασιλέως Κωνσταντίνου
23.7397001,37.9697189,5214471,Βασιλέως Κωνσταντίνου
23.7598706,37.9846678,5399195,Μεσογείων
23.7600723,37.9847569,5399195,Μεσογείων
23.7606109,37.9849198,5399195,Μεσογείων
23.76065,37.9849357,5399195,Μεσογείων
23.7608585,37.985036,5399195,Μεσογείων
23.7317445,37.9684141,5656359,Βασιλίσσης Αμαλίας
23.7317488,37.9685557,5656359,Βασιλίσσης Αμαλίας
23.7317669,37.9695205,5656359,Βασιλίσσης Αμαλίας
23.7317677,37.9695618,5656359,Βασιλίσσης Αμαλίας
23.7317699,37.9696771,5656359,Βασιλίσσης Αμαλίας
23.7317751,37.9699566,5656359,Βασιλίσσης Αμαλίας
23.7317758,37.9699977,5656359,Βασιλίσσης Αμαλίας
23.7317789,37.9700565,5656359,Βασιλίσσης Αμαλίας
23.7317975,37.9701133,5656359,Βασιλίσσης Αμαλίας
23.7318217,37.9701556,5656359,Βασιλίσσης Αμαλίας
23.7318579,37.9701958,5656359,Βασιλίσσης Αμαλίας
23.7319088,37.9702402,5656359,Βασιλίσσης Αμαλίας
23.7319746,37.9702825,5656359,Βασιλίσσης Αμαλίας
23.7320698,37.9703279,5656359,Βασιλίσσης Αμαλίας
23.7321971,37.9703673,5656359,Βασιλίσσης Αμαλίας
23.7323325,37.9704001,5656359,Βασιλίσσης Αμαλίας
23.732531,37.9704783,5656359,Βασιλίσσης Αμαλίας
23.7326209,37.9705301,5656359,Βασιλίσσης Αμαλίας
23.7338078,37.9793279,5656493,Ελευθερίου Βενιζέλου
23.7337836,37.9792522,5656493,Ελευθερίου Βενιζέλου
23.734284,37.9786447,5656493,Ελευθερίου Βενιζέλου
23.7357628,37.9759365,5656636,Βασιλίσσης Αμαλίας
23.7357749,37.9760044,5656636,Βασιλίσσης Αμαλίας
23.7357815,37.9760561,5656636,Βασιλίσσης Αμαλίας
23.7357891,37.9761159,5656636,Βασιλίσσης Αμαλίας
23.7366615,37.9761492,5728492,Βασιλίσσης Σοφίας
23.7365457,37.9761419,5728492,Βασιλίσσης Σοφίας
23.7361434,37.9761895,5728492,Βασιλίσσης Σοφίας
23.73602,37.9761885,5728492,Βασιλίσσης Σοφίας
23.7359395,37.9761832,5728492,Βασιλίσσης Σοφίας
23.735906,37.976179,5728492,Βασιλίσσης Σοφίας
23.7357891,37.9761159,5728492,Βασιλίσσης Σοφίας
23.7524339,37.9724857,5728512,Βασιλέως Αλεξάνδρου
23.7523417,37.9725894,5728512,Βασιλέως Αλεξάνδρου
23.7521524,37.9727969,5728512,Βασιλέως Αλεξάνδρου
23.75189,37.973084,5728512,Βασιλέως Αλεξάνδρου
23.7513373,37.9736887,5728512,Βασιλέως Αλεξάνδρου
23.7511073,37.9739412,5728512,Βασιλέως Αλεξάνδρου
23.7504705,37.9746258,5728512,Βασιλέως Αλεξάνδρου
23.7502554,37.9748606,5728512,Βασιλέως Αλεξάνδρου
23.7501409,37.9750223,5728512,Βασιλέως Αλεξάνδρου
23.750128,37.9750642,5728512,Βασιλέως Αλεξάνδρου
23.7501125,37.9751238,5728512,Βασιλέως Αλεξάνδρου
23.7333121,37.9672144,5728970,Λεωφόρος Βουλιαγμένης
23.7333286,37.967141,5728970,Λεωφόρος Βουλιαγμένης
23.733334,37.9670893,5728970,Λεωφόρος Βουλιαγμένης
23.7825897,37.984286,5839602,
23.7825807,37.9840362,5839602,
23.782539,37.983934,5839602,
23.7824324,37.9837876,5839602,
23.7211071,37.9768849,8181836,Αδριανού
23.7213658,37.9767373,8181836,Αδριανού
23.7217975,37.9764854,8181836,Αδριανού
23.7219339,37.9764072,8181836,Αδριανού
23.7220056,37.9763687,8181836,Αδριανού
23.7220729,37.9763379,8181836,Αδριανού
23.7221392,37.9763121,8181836,Αδριανού
23.7222409,37.9762808,8181836,Αδριανού
23.7225068,37.9761999,8181836,Αδριανού
23.7229166,37.9760679,8181836,Αδριανού
23.7230395,37.9760293,8181836,Αδριανού
23.7231054,37.9760082,8181836,Αδριανού
23.7231653,37.9759914,8181836,Αδριανού
23.7232246,37.9759755,8181836,Αδριανού
23.7232737,37.9759672,8181836,Αδριανού
23.7233385,37.9759609,8181836,Αδριανού
23.7234143,37.9759565,8181836,Αδριανού
23.7235731,37.9759501,8181836,Αδριανού
23.7237837,37.9759395,8181836,Αδριανού
23.7239222,37.9759248,8181836,Αδριανού
23.7241838,37.9758861,8181836,Αδριανού
23.7244951,37.9758288,8181836,Αδριανού
23.7246198,37.97581,8181836,Αδριανού
23.7247159,37.97583,8181836,Αδριανού
23.7249404,37.9757876,8181836,Αδριανού
23.7252366,37.9757245,8181836,Αδριανού
23.7254632,37.9756729,8181836,Αδριανού
23.725712,37.9756083,8181836,Αδριανού
23.7254442,37.975151,8181838,Δεξίππου
23.7259699,37.9750223,8181838,Δεξίππου
23.7264948,37.9748947,8181838,Δεξίππου
23.7259298,37.9859645,10741722,Μενάνδρου
23.725852,37.9856616,10741722,Μενάνδρου
23.7257865,37.9854063,10741722,Μενάνδρου
23.7255432,37.9844997,10741722,Μενάνδρου
23.7249596,37.9861147,10741726,Βίκτωρος Ουγκώ
23.7248241,37.9861316,10741726,Βίκτωρος Ουγκώ
23.7247463,37.9861401,10741726,Βίκτωρος Ουγκώ
23.7233155,37.986319,10741726,Βίκτωρος Ουγκώ
23.7229704,37.9863803,10741726,Βίκτωρος Ουγκώ
23.7222193,37.9864913,10741726,Βίκτωρος Ουγκώ
23.721254,37.9866432,10741726,Βίκτωρος Ουγκώ
23.7241193,37.9856386,10741731,Σατωβριάνδου
23.724294,37.9856088,10741731,Σατωβριάνδου
23.72505,37.985499,10741731,Σατωβριάνδου
23.7257865,37.9854063,10741731,Σατωβριάνδου
23.727059,37.9852098,10741731,Σατωβριάνδου
23.7272103,37.9851874,10741731,Σατωβριάνδου
23.7277656,37.9851053,10741731,Σατωβριάνδου
23.7281276,37.9850522,10741731,Σατωβριάνδου
23.7282335,37.9850366,10741731,Σατωβριάνδου
23.728186,37.9844473,10741733,3ης Σεπτεμβρίου
23.7281463,37.9845411,10741733,3ης Σεπτεμβρίου
23.7281403,37.9845717,10741733,3ης Σεπτεμβρίου
23.728142,37.984648,10741733,3ης Σεπτεμβρίου
23.7282093,37.9849443,10741733,3ης Σεπτεμβρίου
23.7282197,37.984984,10741733,3ης Σεπτεμβρίου
23.7282335,37.9850366,10741733,3ης Σεπτεμβρίου
23.7283517,37.9854864,10741733,3ης Σεπτεμβρίου
23.7283617,37.9855244,10741733,3ης Σεπτεμβρίου
23.7283778,37.9855854,10741733,3ης Σεπτεμβρίου
23.7284147,37.9857349,10741733,3ης Σεπτεμβρίου
23.7284761,37.9859816,10741733,3ης Σεπτεμβρίου
23.7266686,37.987179,10741734,Καματερού
23.7267351,37.9871278,10741734,Καματερού
23.7207259,37.9872826,10741736,Φαβιέρου
23.7213902,37.9871978,10741736,Φαβιέρου
23.7223677,37.987047,10741736,Φαβιέρου
23.7229862,37.9869853,10741736,Φαβιέρου
23.7234315,37.9869179,10741736,Φαβιέρου
23.7234936,37.9869085,10741736,Φαβιέρου
23.7246129,37.9867393,10741736,Φαβιέρου
23.7250712,37.98667,10741736,Φαβιέρου
23.7304694,37.9886565,10741746,Αβέρωφ
23.7303507,37.9886755,10741746,Αβέρωφ
23.7295817,37.9887986,10741746,Αβέρωφ
23.7294717,37.9888162,10741746,Αβέρωφ
23.729974,37.986472,10741747,Καποδιστρίου
23.7286495,37.9867059,10741747,Καποδιστρίου
23.7277213,37.987956,10741751,Στουρνάρη
23.7276228,37.9879721,10741751,Στουρνάρη
23.7270363,37.9880683,10741751,Στουρνάρη
23.7266843,37.988126,10741751,Στουρνάρη
23.7250215,37.9888595,10741754,Λιοσίων
23.7250675,37.988802,10741754,Λιοσίων
23.7251024,37.9887667,10741754,Λιοσίων
23.725127,37.9887328,10741754,Λιοσίων
23.7254291,37.9884288,10741754,Λιοσίων
23.7257135,37.9881104,10741754,Λιοσίων
23.72583,37.9879929,10741754,Λιοσίων
23.7258617,37.9879675,10741754,Λιοσίων
23.725914,37.9879266,10741754,Λιοσίων
23.7272868,37.9875086,10741757,Σολωμού
23.7276023,37.9874488,10741757,Σολωμού
23.7287045,37.987271,10741757,Σολωμού
23.7287826,37.9872584,10741757,Σολωμού
23.7288936,37.9872405,10741757,Σολωμού
23.7301162,37.9870427,10741757,Σολωμού
23.7301599,37.9870352,10741757,Σολωμού
23.7310266,37.9868869,10741757,Σολωμού
23.7314997,37.9868091,10741757,Σολωμού
23.7316557,37.9867834,10741757,Σολωμού
23.7318956,37.9867423,10741757,Σολωμού
23.7326319,37.9866246,10741757,Σολωμού
23.7335251,37.986492,10741757,Σολωμού
23.7344933,37.9863381,10741757,Σολωμού
23.7259298,37.9859645,10741758,Μενάνδρου
23.7260603,37.9865257,10741758,Μενάνδρου
23.7261353,37.9868135,10741758,Μενάνδρου
23.7244183,37.9831605,10741759,Κουμουνδούρου
23.7245307,37.9835462,10741759,Κουμουνδούρου
23.7246079,37.983814,10741759,Κουμουνδούρου
23.7267223,37.9890948,10741760,Μάγερ
23.7266361,37.9889757,10741760,Μάγερ
23.7263657,37.9886021,10741760,Μάγερ
23.7261971,37.9883481,10741760,Μάγερ
23.725979,37.9880196,10741760,Μάγερ
23.725956,37.9879849,10741760,Μάγερ
23.725914,37.9879266,10741760,Μάγερ
23.7264755,37.9870595,10741762,Μαιζώνος
23.7259201,37.9871582,10741762,Μαιζώνος
23.7257117,37.9871965,10741762,Μαιζώνος
23.7254448,37.9872455,10741762,Μαιζώνος
23.7293517,37.9895187,10741763,Μακεδονίας
23.7281573,37.9897118,10741763,Μακεδονίας
23.7274216,37.9898309,10741763,Μακεδονίας
23.7268933,37.9899046,10741763,Μακεδονίας
23.7267805,37.9898942,10741763,Μακεδονίας
23.7258686,37.9898385,10741763,Μακεδονίας
23.724902,37.9897774,10741763,Μακεδονίας
23.7202117,37.9908358,10742179,
23.7202697,37.9913046,10742179,
23.7203118,37.9915489,10742179,
23.7204263,37.9920218,10742179,
23.7205248,37.9923928,10742179,
23.7205856,37.9926039,10742179,
23.7207066,37.9930598,10742179,
23.720857,37.9936172,10742179,
23.7209024,37.9938028,10742179,
23.7209209,37.9939424,10742179,
23.7209276,37.9940916,10742179,
23.7209021,37.9943238,10742179,
23.7208721,37.994515,10742179,
23.7207951,37.9950368,10742179,
23.7207429,37.9953842,10742179,
23.7206783,37.9958412,10742179,
23.7206384,37.9960912,10742179,
23.7206174,37.9962792,10742179,
23.7206052,37.9966303,10742179,
23.7203118,37.9915489,10742180,
23.7203368,37.9917956,10742180,
23.7203825,37.9920298,10742180,
23.7204811,37.9924021,10742180,
23.7205305,37.9926037,10742180,
23.7206639,37.9930737,10742180,
23.7207984,37.9935836,10742180,
23.7208274,37.9936959,10742180,
23.7208562,37.9938622,10742180,
23.7208663,37.994009,10742180,
23.720867,37.9942381,10742180,
23.7208721,37.994515,10742180,
23.7093374,37.9783346,10742774,
23.7086647,37.9777329,10742774,
23.708218,37.9773404,10742774,
23.7075958,37.9767986,10742774,
23.7069872,37.9762679,10742774,
23.7066857,37.9760048,10742774,
23.7064149,37.9757724,10742774,
23.7061438,37.9755398,10742774,
23.7059433,37.9753678,10742774,
23.7059093,37.9753386,10742774,
23.7053738,37.9748782,10742774,
23.7051367,37.9746951,10742774,
23.7049349,37.9745391,10742774,
23.7047016,37.9743567,10742774,
23.7046426,37.9743063,10742774,
23.7046193,37.9742864,10742774,
23.7043377,37.9740458,10742774,
23.704011,37.9737634,10742774,
23.7033499,37.9731918,10742774,
23.7029318,37.972827,10742774,
23.7026374,37.9725268,10742774,
23.7024482,37.9723269,10742774,
23.702252,37.9721566,10742774,
23.7019263,37.9718741,10742774,
23.7017206,37.9717058,10742774,
23.7015601,37.9715866,10742774,
23.7013112,37.9714159,10742774,
23.7009356,37.97118,10742774,
23.7005786,37.9709798,10742774,
23.7001915,37.9707695,10742774,
23.6998782,37.9706231,10742774,
23.699514,37.9704629,10742774,
23.6991461,37.9703199,10742774,
23.6988685,37.9702177,10742774,
23.6987117,37.9701652,10742774,
23.6985556,37.9701191,10742774,
23.6984551,37.9700894,10742774,
23.6983897,37.9700716,10742774,
23.6981229,37.9700047,10742774,
23.6978484,37.9699358,10742774,
23.6973467,37.9698009,10742774,
23.6968055,37.9696486,10742774,
23.6962373,37.9695031,10742774,
23.6960854,37.9694664,10742774,
23.7184737,38.0280794,10743224,
23.7184476,38.0282529,10743224,
23.7184415,38.0283962,10743224,
23.7184149,38.0285343,10743224,
23.718352,38.0287702,10743224,
23.7182498,38.0291633,10743224,
23.7180752,38.0298363,10743224,
23.7178716,38.0305721,10743224,
23.7177263,38.0311113,10743224,
23.7176478,38.0314114,10743224,
23.7175486,38.0318164,10743224,
23.7174561,38.0322203,10743224,
23.7173706,38.0326148,10743224,
23.7173348,38.032749,10743224,
23.7172873,38.0330087,10743224,
23.717255,38.0331302,10743224,
23.7172114,38.0332508,10743224,
23.7171429,38.0334234,10743224,
23.7173706,38.0326148,10743225,
23.717459,38.032384,10743225,
23.7175724,38.0321007,10743225,
23.7176409,38.0318192,10743225,
23.7178201,38.0311495,10743225,
23.7180791,38.0301739,10743225,
23.7182596,38.0295346,10743225,
23.7183417,38.0292149,10743225,
23.7183953,38.0289894,10743225,
23.7184127,38.0288472,10743225,
23.7184207,38.0286899,10743225,
23.7330465,37.9871297,10971761,Μπουμπουλίνας
23.7332564,37.9879629,10971761,Μπουμπουλίνας
23.7333009,37.9881477,10971761,Μπουμπουλίνας
23.7333238,37.9882303,10971761,Μπουμπουλίνας
23.7333426,37.9883155,10971761,Μπουμπουλίνας
23.7334853,37.9888714,10971761,Μπουμπουλίνας
23.733645,37.9895051,10971761,Μπουμπουλίνας
23.7311213,37.9913258,10971763,Ιουλιανού
23.7310003,37.9913451,10971763,Ιουλιανού
23.730252,37.9914645,10971763,Ιουλιανού
23.7299552,37.9915119,10971763,Ιουλιανού
23.729838,37.9915306,10971763,Ιουλιανού
23.7297473,37.9915451,10971763,Ιουλιανού
23.7290621,37.9916545,10971763,Ιουλιανού
23.7287816,37.9916993,10971763,Ιουλιανού
23.7287444,37.9917052,10971763,Ιουλιανού
23.7286427,37.9917214,10971763,Ιουλιανού
23.7324873,37.9860768,10971764,Μπόταση
23.7326319,37.9866246,10971764,Μπόταση
23.7327604,37.9871114,10971764,Μπόταση
23.732777,37.9871743,10971764,Μπόταση
23.7316362,37.9857022,10971765,Τζωρτζ
23.7315809,37.9856665,10971765,Τζωρτζ
23.7315152,37.9856161,10971765,Τζωρτζ
23.7314776,37.9855304,10971765,Τζωρτζ
23.7314443,37.9853822,10971765,Τζωρτζ
23.7317532,37.986187,10971766,Καποδιστρίου
23.7308878,37.9863256,10971766,Καποδιστρίου
23.7308164,37.9863371,10971766,Καποδιστρίου
23.729974,37.986472,10971766,Καποδιστρίου
23.731161,37.9874305,10971767,Κάνιγγος
23.7311448,37.9873648,10971767,Κάνιγγος
23.7310266,37.9868869,10971767,Κάνιγγος
23.7308878,37.9863256,10971767,Κάνιγγος
23.7307912,37.9859346,10971767,Κάνιγγος
23.7307813,37.9858947,10971767,Κάνιγγος
23.7307639,37.985824,10971767,Κάνιγγος
23.7333238,37.9882303,10971769,Τοσίτσα
23.7339314,37.9881325,10971769,Τοσίτσα
23.7344108,37.9880565,10971769,Τοσίτσα
23.7348885,37.9879808,10971769,Τοσίτσα
23.7352859,37.9879177,10971769,Τοσίτσα
23.7356779,37.9878526,10971769,Τοσίτσα
23.7360234,37.987802,10971769,Τοσίτσα
23.7341452,37.9869601,10971776,Νοταρά
23.7344108,37.9880565,10971776,Νοταρά
23.7345641,37.9886991,10971776,Νοταρά
23.7347186,37.9893358,10971776,Νοταρά
23.7349461,37.9902382,10971776,Νοταρά
23.7351559,37.9911059,10971776,Νοταρά
23.7364983,37.9886916,10971781,Κουντουριώτου
23.7360732,37.988488,10971781,Κουντουριώτου
23.7358333,37.9885029,10971781,Κουντουριώτου
23.7356183,37.9910339,10971782,Σπύρου Τρικούπη
23.7355065,37.9905664,10971782,Σπύρου Τρικούπη
23.7353903,37.9900802,10971782,Σπύρου Τρικούπη
23.7351945,37.9892609,10971782,Σπύρου Τρικούπη
23.7350425,37.9886253,10971782,Σπύρου Τρικούπη
23.7348885,37.9879808,10971782,Σπύρου Τρικούπη
23.7347343,37.9873357,10971782,Σπύρου Τρικούπη
23.734646,37.9869666,10971782,Σπύρου Τρικούπη
23.7346267,37.9868858,10971782,Σπύρου Τρικούπη
23.7390894,37.982324,10972181,Οκτάβιου Μερλιέ
23.738488,37.9830696,10972181,Οκτάβιου Μερλιέ
23.7384506,37.9831186,10972181,Οκτάβιου Μερλιέ
23.7382874,37.9833255,10972181,Οκτάβιου Μερλιέ
23.7382106,37.9834229,10972181,Οκτάβιου Μερλιέ
23.7381729,37.9834676,10972181,Οκτάβιου Μερλιέ
23.738171,37.9834702,10972181,Οκτάβιου Μερλιέ
23.7350275,37.9868317,10972183,Τσαμαδού
23.7352859,37.9879177,10972183,Τσαμαδού
23.7360014,37.9891336,10972185,Οικονόμου
23.7358333,37.9885029,10972185,Οικονόμου
23.7353903,37.9900802,10972561,Μετσόβου
23.7352873,37.9901784,10972561,Μετσόβου
23.7349461,37.9902382,10972561,Μετσόβου
23.7344629,37.990304,10972561,Μετσόβου
23.7339162,37.9903826,10972561,Μετσόβου
23.7338636,37.9903912,10972561,Μετσόβου
23.7333372,37.9904666,10972561,Μετσόβου
23.7328183,37.9905524,10972561,Μετσόβου
23.7320831,37.9906663,10972561,Μετσόβου
23.7317581,37.990719,10972561,Μετσόβου
23.7311341,37.9908199,10972561,Μετσόβου
23.7330424,37.9914221,10972563,Ρεθύμνου
23.7329362,37.9910251,10972563,Ρεθύμνου
23.7328183,37.9905524,10972563,Ρεθύμνου
23.7326995,37.9900957,10972563,Ρεθύμνου
23.7326098,37.9897097,10972563,Ρεθύμνου
23.7326995,37.9900957,10972564,Κυβέλης
23.7319705,37.9902082,10972564,Κυβέλης
23.7333372,37.9904666,10972565,Σαριπόλου
23.733133,37.9896236,10972565,Σαριπόλου
23.7405819,37.9692653,10973181,
23.7409885,37.9694655,10973181,
23.7421452,37.9679248,10973181,
23.7421959,37.9677304,10973181,
23.7421705,37.9675022,10973181,
23.7420445,37.9673455,10973181,
23.7418887,37.9672446,10973181,
23.741655,37.9671725,10973181,
23.7414014,37.9671641,10973181,
23.7411647,37.9672148,10973181,
23.7409788,37.9673162,10973181,
23.7408435,37.9674515,10973181,
23.7397667,37.9688823,10973181,
23.7401959,37.9690752,10973181,
23.7254187,37.9761161,10974932,Γραμμή 1
23.7253363,37.9760714,10974932,Γραμμή 1
23.7250954,37.9759539,10974932,Γραμμή 1
23.7249269,37.9758882,10974932,Γραμμή 1
23.723345,37.9921422,10976007,Φιλαδελφείας
23.7232455,37.9921481,10976007,Φιλαδελφείας
23.7222984,37.9922047,10976007,Φιλαδελφείας
23.7222418,37.9922081,10976007,Φιλαδελφείας
23.7220617,37.9922189,10976007,Φιλαδελφείας
23.7218634,37.9922307,10976007,Φιλαδελφείας
23.7215086,37.9922519,10976007,Φιλαδελφείας
23.7213603,37.9922621,10976007,Φιλαδελφείας
23.7259289,37.9906357,10976008,Αλκιβιάδου
23.7258686,37.9898385,10976008,Αλκιβιάδου
23.7258129,37.9891258,10976008,Αλκιβιάδου
23.725127,37.9887328,10976009,Σωνιέρου
23.7251013,37.988696,10976009,Σωνιέρου
23.7250167,37.9883679,10976009,Σωνιέρου
23.7249586,37.9881657,10976009,Σωνιέρου
23.7248708,37.9877703,10976009,Σωνιέρου
23.7247631,37.9873548,10976009,Σωνιέρου
23.7246129,37.9867393,10976009,Σωνιέρου
23.7248708,37.9877703,10976012,Βατσαξή
23.7257098,37.9876408,10976012,Βατσαξή
23.7231591,37.9858109,10976420,Ακομινάτου
23.7231793,37.9858745,10976420,Ακομινάτου
23.7233155,37.986319,10976420,Ακομινάτου
23.7234936,37.9869085,10976420,Ακομινάτου
23.7236161,37.9873401,10976420,Ακομινάτου
23.7236736,37.9875429,10976420,Ακομινάτου
23.7237962,37.9879564,10976420,Ακομινάτου
23.723925,37.9883788,10976420,Ακομινάτου
23.7239518,37.9884646,10976420,Ακομινάτου
23.7239728,37.9885317,10976420,Ακομινάτου
23.7240461,37.988795,10976420,Ακομινάτου
23.724089,37.98895,10976420,Ακομινάτου
23.7241687,37.9892187,10976420,Ακομινάτου
23.7243362,37.989779,10976420,Ακομινάτου
23.7244047,37.9898149,10976420,Ακομινάτου
23.7248524,37.9891212,10976421,Κρήτης
23.724761,37.9891112,10976421,Κρήτης
23.7241687,37.9892187,10976421,Κρήτης
23.7235887,37.9893241,10976421,Κρήτης
23.7229603,37.9894312,10976421,Κρήτης
23.724089,37.98895,10976427,Σαχίνη
23.7248766,37.988934,10976427,Σαχίνη
23.7249548,37.9889472,10976427,Σαχίνη
23.7202271,37.9893822,10976428,Αγίου Παύλου
23.7211283,37.9892436,10976428,Αγίου Παύλου
23.7218622,37.9891308,10976428,Αγίου Παύλου
23.7209283,37.9884648,10976429,Ιλίου
23.7216653,37.9883306,10976429,Ιλίου
23.7226438,37.9881571,10976429,Ιλίου
23.7237962,37.9879564,10976429,Ιλίου
23.7230914,37.9899618,10976430,Θράκης
23.7237169,37.9898636,10976430,Θράκης
23.7243362,37.989779,10976430,Θράκης
23.722155,37.9903214,10976431,Νικομηδείας
23.7222112,37.990313,10976431,Νικομηδείας
23.722668,37.9903687,10976431,Νικομηδείας
23.7228397,37.9903687,10976431,Νικομηδείας
23.7231831,37.9903466,10976431,Νικομηδείας
23.7240729,37.9902161,10976431,Νικομηδείας
23.7241334,37.9902299,10976431,Νικομηδείας
23.7219669,37.9857421,10976432,
23.7220153,37.9858359,10976432,
23.722066,37.9858897,10976432,
23.7221363,37.9859106,10976432,
23.7222487,37.9859145,10976432,
23.7223992,37.9859359,10976432,
23.7241193,37.9856386,10976433,Καρόλου
23.7232948,37.985788,10976433,Καρόλου
23.7232384,37.9857975,10976433,Καρόλου
23.7231591,37.9858109,10976433,Καρόλου
23.7223992,37.9859359,10976433,Καρόλου
23.7241193,37.9856386,10976435,Μάρνη
23.7246214,37.9859248,10976435,Μάρνη
23.7248338,37.9860486,10976435,Μάρνη
23.7249596,37.9861147,10976435,Μάρνη
23.725101,37.9861918,10976435,Μάρνη
23.7252391,37.9862737,10976435,Μάρνη
23.7257172,37.986567,10976435,Μάρνη
23.7270623,37.9745139,10976951,Αιόλου
23.7270851,37.9745465,10976951,Αιόλου
23.7271989,37.9750228,10976951,Αιόλου
23.730109,37.9806,10976954,Σοφοκλέους
23.7298285,37.9806468,10976954,Σοφοκλέους
23.7296194,37.9806818,10976954,Σοφοκλέους
23.729328,37.9807305,10976954,Σοφοκλέους
23.7286076,37.9808508,10976954,Σοφοκλέους
23.7280559,37.9809429,10976954,Σοφοκλέους
23.7276972,37.9810028,10976954,Σοφοκλέους
23.7272497,37.9810776,10976954,Σοφοκλέους
23.7253615,37.9813847,10976958,Γερανίου
23.7256357,37.9824238,10976958,Γερανίου
23.7257626,37.9828663,10976958,Γερανίου
23.7257645,37.9829463,10976958,Γερανίου
23.7257516,37.9830461,10976958,Γερανίου
23.7273305,37.9863411,10976960,Σωκράτους
23.7272111,37.9858454,10976960,Σωκράτους
23.727195,37.9857685,10976960,Σωκράτους
23.7271288,37.9854872,10976960,Σωκράτους
23.7270824,37.9853028,10976960,Σωκράτους
23.7270734,37.9852672,10976960,Σωκράτους
23.727059,37.9852098,10976960,Σωκράτους
23.7269174,37.9846735,10976960,Σωκράτους
23.7268183,37.9843108,10976960,Σωκράτους
23.7298117,37.9794957,10976967,Αριστείδου
23.7298252,37.979546,10976967,Αριστείδου
23.7298935,37.9797995,10976967,Αριστείδου
23.7299192,37.9798952,10976967,Αριστείδου
23.7299513,37.9800144,10976967,Αριστείδου
23.729979,37.9801173,10976967,Αριστείδου
23.7299953,37.9801776,10976967,Αριστείδου
23.7300155,37.9802529,10976967,Αριστείδου
23.7300336,37.9803201,10976967,Αριστείδου
23.730109,37.9806,10976967,Αριστείδου
23.7264563,37.9828899,10976970,Λυκούργου
23.7270191,37.9828077,10976970,Λυκούργου
23.7271314,37.9827913,10976970,Λυκούργου
23.7276586,37.9827143,10976970,Λυκούργου
23.726807,37.9819963,10976971,Ικτίνου
23.7262378,37.9820833,10976971,Ικτίνου
23.7270191,37.9828077,10976972,Κλεισθένους
23.7269017,37.9823533,10976972,Κλεισθένους
23.726807,37.9819963,10976972,Κλεισθένους
23.7267096,37.9816233,10976972,Κλεισθένους
23.7265964,37.9811903,10976972,Κλεισθένους
23.7211746,37.9863349,11031663,Χίου
23.721254,37.9866432,11031663,Χίου
23.7213902,37.9871978,11031663,Χίου
23.7214577,37.9874866,11031663,Χίου
23.7215588,37.9878974,11031663,Χίου
23.7216653,37.9883306,11031663,Χίου
23.7217682,37.9887489,11031663,Χίου
23.7218622,37.9891308,11031663,Χίου
23.7219801,37.9896103,11031663,Χίου
23.7220694,37.9899731,11031663,Χίου
23.7221441,37.9902768,11031663,Χίου
23.722155,37.9903214,11031663,Χίου
23.7222632,37.990761,11031663,Χίου
23.7222764,37.9908072,11031663,Χίου
23.7201548,37.9890531,11031664,Παλαιολόγου Κωνσταντίνου
23.7210395,37.9888874,11031664,Παλαιολόγου Κωνσταντίνου
23.7217682,37.9887489,11031664,Παλαιολόγου Κωνσταντίνου
23.7227496,37.9885835,11031664,Παλαιολόγου Κωνσταντίνου
23.723925,37.9883788,11031664,Παλαιολόγου Κωνσταντίνου
23.7242262,37.9883255,11031664,Παλαιολόγου Κωνσταντίνου
23.7249586,37.9881657,11031664,Παλαιολόγου Κωνσταντίνου
23.7256329,37.988077,11031664,Παλαιολόγου Κωνσταντίνου
23.7257135,37.9881104,11031664,Παλαιολόγου Κωνσταντίνου
23.7248524,37.9891212,11031665,Μιχαήλ Βόδα
23.724902,37.9897774,11031665,Μιχαήλ Βόδα
23.7249636,37.990677,11031665,Μιχαήλ Βόδα
23.7250291,37.9912837,11031665,Μιχαήλ Βόδα
23.7250457,37.991557,11031665,Μιχαήλ Βόδα
23.7250707,37.9919921,11031665,Μιχαήλ Βόδα
23.7250767,37.9920674,11031665,Μιχαήλ Βόδα
23.7250849,37.9921293,11031665,Μιχαήλ Βόδα
23.7251071,37.9923956,11031665,Μιχαήλ Βόδα
23.7251228,37.9926069,11031665,Μιχαήλ Βόδα
23.7251393,37.9927683,11031665,Μιχαήλ Βόδα
23.7251594,37.9930574,11031665,Μιχαήλ Βόδα
23.7252064,37.9935271,11031665,Μιχαήλ Βόδα
23.7252564,37.9938979,11031665,Μιχαήλ Βόδα
23.7252702,37.9940473,11031665,Μιχαήλ Βόδα
23.7253179,37.994565,11031665,Μιχαήλ Βόδα
23.7253761,37.9951971,11031665,Μιχαήλ Βόδα
23.7253984,37.9954814,11031665,Μιχαήλ Βόδα
23.7254475,37.9959123,11031665,Μιχαήλ Βόδα
23.7254593,37.9960074,11031665,Μιχαήλ Βόδα
23.7255232,37.9964825,11031665,Μιχαήλ Βόδα
23.7255876,37.9968905,11031665,Μιχαήλ Βόδα
23.7256393,37.997229,11031665,Μιχαήλ Βόδα
23.7256521,37.9973223,11031665,Μιχαήλ Βόδα
23.7256923,37.9976289,11031665,Μιχαήλ Βόδα
23.7259337,37.9989597,11031665,Μιχαήλ Βόδα
23.7259958,37.9993256,11031665,Μιχαήλ Βόδα
23.7260526,37.9996912,11031665,Μιχαήλ Βόδα
23.7261385,38.0001572,11031665,Μιχαήλ Βόδα
23.7261977,38.0005061,11031665,Μιχαήλ Βόδα
23.7262845,38.0010246,11031665,Μιχαήλ Βόδα
23.7263707,38.0015021,11031665,Μιχαήλ Βόδα
23.7264709,38.0021336,11031665,Μιχαήλ Βόδα
23.7243372,37.9924339,11031667,Αλκαμένους
23.724324,37.9921014,11031667,Αλκαμένους
23.7243177,37.9916801,11031667,Αλκαμένους
23.7243075,37.991278,11031667,Αλκαμένους
23.7242879,37.9907122,11031667,Αλκαμένους
23.7253857,37.9909222,11031672,Ακακιου
23.7253941,37.9910689,11031672,Ακακιου
23.7253924,37.9912828,11031672,Ακακιου
23.7267223,37.9890948,11031680,Αχαρνών
23.7267373,37.9892388,11031680,Αχαρνών
23.7260431,37.9920223,11031684,Αλκιβιάδου
23.726002,37.9914993,11031684,Αλκιβιάδου
23.7259289,37.9906357,11031684,Αλκιβιάδου
23.7250457,37.991557,11031685,Σμύρνης
23.726002,37.9914993,11031685,Σμύρνης
23.7269098,37.9914556,11031685,Σμύρνης
23.6796292,37.965082,11033928,
23.6789443,37.964902,11033928,
23.6783975,37.9647547,11033928,
23.6770712,37.9644204,11033928,
23.6758891,37.9641161,11033928,
23.6750205,37.9638883,11033928,
23.7360782,37.9891701,11713131,Πουλχερίας
23.7365605,37.9890721,11713131,Πουλχερίας
23.7367913,37.9889702,11713131,Πουλχερίας
23.7369212,37.9889012,11713131,Πουλχερίας
23.7313802,38.0259746,15220170,Αγ. Αναργύρων
23.7314839,38.0260143,15220170,Αγ. Αναργύρων
23.7316054,38.0260781,15220170,Αγ. Αναργύρων
23.6655857,37.9469539,15220369,Καραολή και Δημητρίου
23.6655014,37.9471034,15220369,Καραολή και Δημητρίου
23.6654087,37.9472499,15220369,Καραολή και Δημητρίου
23.6653427,37.9473416,15220369,Καραολή και Δημητρίου
23.6652596,37.9474323,15220369,Καραολή και Δημητρίου
23.665187,37.9474873,15220369,Καραολή και Δημητρίου
23.6651123,37.9475305,15220369,Καραολή και Δημητρίου
23.6649427,37.947602,15220369,Καραολή και Δημητρίου
23.664691,37.94771,15220369,Καραολή και Δημητρίου
23.6646101,37.9477513,15220369,Καραολή και Δημητρίου
23.6645547,37.9477855,15220369,Καραολή και Δημητρίου
23.6644967,37.9478232,15220369,Καραολή και Δημητρίου
23.6644505,37.9478612,15220369,Καραολή και Δημητρίου
23.664387,37.9479251,15220369,Καραολή και Δημητρίου
23.6643519,37.9479699,15220369,Καραολή και Δημητρίου
23.6643216,37.948029,15220369,Καραολή και Δημητρίου
23.6642853,37.9481296,15220369,Καραολή και Δημητρίου
23.6642483,37.9482537,15220369,Καραολή και Δημητρίου
23.6642154,37.9483691,15220369,Καραολή και Δημητρίου
23.664191,37.9484546,15220369,Καραολή και Δημητρίου
23.6641184,37.948713,15220369,Καραολή και Δημητρίου
23.6641084,37.9487473,15220369,Καραολή και Δημητρίου
23.6640211,37.9490455,15220369,Καραολή και Δημητρίου
23.6640073,37.9490942,15220369,Καραολή και Δημητρίου
23.6639196,37.9494023,15220369,Καραολή και Δημητρίου
23.6638679,37.9495695,15220369,Καραολή και Δημητρίου
23.6795664,37.9536829,15220432,Κοραή Αδαμάντιου
23.6791188,37.9537639,15220432,Κοραή Αδαμάντιου
23.6788741,37.9538032,15220432,Κοραή Αδαμάντιου
23.730236,38.0330122,15371919,Αυτοκινητόδρομος 1 (Αθήνα - Θεσσαλονίκη - Εύζωνοι)
23.7282448,38.030012,15371919,Αυτοκινητόδρομος 1 (Αθήνα - Θεσσαλονίκη - Εύζωνοι)
23.7278088,38.0292349,15371919,Αυτοκινητόδρομος 1 (Αθήνα - Θεσσαλονίκη - Εύζωνοι)
23.7275562,38.0286501,15371919,Αυτοκινητόδρομος 1 (Αθήνα - Θεσσαλονίκη - Εύζωνοι)
23.7272218,38.0277869,15371919,Αυτοκινητόδρομος 1 (Αθήνα - Θεσσαλονίκη - Εύζωνοι)
23.7269152,38.0269805,15371919,Αυτοκινητόδρομος 1 (Αθήνα - Θεσσαλονίκη - Εύζωνοι)
23.726752,38.0266642,15371919,Αυτοκινητόδρομος 1 (Αθήνα - Θεσσαλονίκη - Εύζωνοι)
23.7265852,38.0263408,15371919,Αυτοκινητόδρομος 1 (Αθήνα - Θεσσαλονίκη - Εύζωνοι)
23.7260186,38.0252702,15371919,Αυτοκινητόδρομος 1 (Αθήνα - Θεσσαλονίκη - Εύζωνοι)
23.7182532,38.0121389,15371933,Αυτοκινητόδρομος 1 (Αθήνα - Θεσσαλονίκη - Εύζωνοι)
23.7182666,38.0122718,15371933,Αυτοκινητόδρομος 1 (Αθήνα - Θεσσαλονίκη - Εύζωνοι)
23.718301,38.0125896,15371933,Αυτοκινητόδρομος 1 (Αθήνα - Θεσσαλονίκη - Εύζωνοι)
23.7183611,38.0129075,15371933,Αυτοκινητόδρομος 1 (Αθήνα - Θεσσαλονίκη - Εύζωνοι)
23.7187216,38.0141788,15371933,Αυτοκινητόδρομος 1 (Αθήνα - Θεσσαλονίκη - Εύζωνοι)
23.7188417,38.0144898,15371933,Αυτοκινητόδρομος 1 (Αθήνα - Θεσσαλονίκη - Εύζωνοι)
23.718979,38.0148077,15371933,Αυτοκινητόδρομος 1 (Αθήνα - Θεσσαλονίκη - Εύζωνοι)
23.7191335,38.0150984,15371933,Αυτοκινητόδρομος 1 (Αθήνα - Θεσσαλονίκη - Εύζωνοι)
23.7195455,38.0157341,15371933,Αυτοκινητόδρομος 1 (Αθήνα - Θεσσαλονίκη - Εύζωνοι)
23.7197118,38.0159617,15371933,Αυτοκινητόδρομος 1 (Αθήνα - Θεσσαλονίκη - Εύζωνοι)
23.7194845,38.016095,15371938,Αυτοκινητόδρομος 1 (Αθήνα - Θεσσαλονίκη - Εύζωνοι)
23.7192498,38.0157559,15371938,Αυτοκινητόδρομος 1 (Αθήνα - Θεσσαλονίκη - Εύζωνοι)
23.7190715,38.0154796,15371938,Αυτοκινητόδρομος 1 (Αθήνα - Θεσσαλονίκη - Εύζωνοι)
23.718934,38.0152613,15371938,Αυτοκινητόδρομος 1 (Αθήνα - Θεσσαλονίκη - Εύζωνοι)
23.7187319,38.0149091,15371938,Αυτοκινητόδρομος 1 (Αθήνα - Θεσσαλονίκη - Εύζωνοι)
23.7185828,38.0145826,15371938,Αυτοκινητόδρομος 1 (Αθήνα - Θεσσαλονίκη - Εύζωνοι)
23.718446,38.0141955,15371938,Αυτοκινητόδρομος 1 (Αθήνα - Θεσσαλονίκη - Εύζωνοι)
23.7184252,38.0140981,15371938,Αυτοκινητόδρομος 1 (Αθήνα - Θεσσαλονίκη - Εύζωνοι)
23.7183638,38.0138391,15371938,Αυτοκινητόδρομος 1 (Αθήνα - Θεσσαλονίκη - Εύζωνοι)
23.718198,38.0131915,15371938,Αυτοκινητόδρομος 1 (Αθήνα - Θεσσαλονίκη - Εύζωνοι)
23.7180462,38.0125523,15371938,Αυτοκινητόδρομος 1 (Αθήνα - Θεσσαλονίκη - Εύζωνοι)
23.7179757,38.0121259,15371938,Αυτοκινητόδρομος 1 (Αθήνα - Θεσσαλονίκη - Εύζωνοι)
23.6912797,37.9936236,15372175,Αυτοκινητόδρομος 1 (Αθήνα - Θεσσαλονίκη - Εύζωνοι)
23.6910313,37.9934083,15372175,Αυτοκινητόδρομος 1 (Αθήνα - Θεσσαλονίκη - Εύζωνοι)
23.6908527,37.9932444,15372175,Αυτοκινητόδρομος 1 (Αθήνα - Θεσσαλονίκη - Εύζωνοι)
23.6905826,37.9930072,15372175,Αυτοκινητόδρομος 1 (Αθήνα - Θεσσαλονίκη - Εύζωνοι)
23.6898375,37.992309,15372175,Αυτοκινητόδρομος 1 (Αθήνα - Θεσσαλονίκη - Εύζωνοι)
23.6893855,37.9919074,15372175,Αυτοκινητόδρομος 1 (Αθήνα - Θεσσαλονίκη - Εύζωνοι)
23.7157363,37.9841294,15412852,Αθηνών
23.7155921,37.9841045,15412852,Αθηνών
23.7154424,37.9840879,15412852,Αθηνών
23.7153591,37.984087,15412852,Αθηνών
23.7152882,37.984093,15412852,Αθηνών
23.715144,37.9841168,15412852,Αθηνών
23.7148857,37.9841825,15412852,Αθηνών
23.7147492,37.9842168,15412852,Αθηνών
23.7144597,37.9842898,15412852,Αθηνών
23.7142496,37.9843431,15412852,Αθηνών
23.7754305,37.9928688,15414502,Μεσογείων
23.7746795,37.9924481,15414502,Μεσογείων
23.7742796,37.9922687,15414502,Μεσογείων
23.7734532,37.9920379,15414502,Μεσογείων
23.6672503,37.9763428,15469038,Γρηγορίου Λαμπράκη
23.6671524,37.9763396,15469038,Γρηγορίου Λαμπράκη
23.6670237,37.9763449,15469038,Γρηγορίου Λαμπράκη
23.6669137,37.9763639,15469038,Γρηγορίου Λαμπράκη
23.6667016,37.9764403,15469038,Γρηγορίου Λαμπράκη
23.666455,37.9765343,15469038,Γρηγορίου Λαμπράκη
23.7063617,37.974654,15590218,Πέτρου Ράλλη
23.706457,37.9745618,15590218,Πέτρου Ράλλη
23.7068152,37.9742051,15590218,Πέτρου Ράλλη
23.7070506,37.9739756,15590218,Πέτρου Ράλλη
23.707469,37.9735852,15590218,Πέτρου Ράλλη
23.7075047,37.9735543,15590218,Πέτρου Ράλλη
23.7075688,37.9734935,15590218,Πέτρου Ράλλη
23.6703054,37.9536114,15591226,Πειραιώς
23.6712121,37.9538927,15591226,Πειραιώς
23.6720008,37.9541344,15591226,Πειραιώς
23.6750786,37.9613054,15591405,Αγίου Ιωάννη Ρέντη
23.6753961,37.9611442,15591405,Αγίου Ιωάννη Ρέντη
23.6758458,37.9609284,15591405,Αγίου Ιωάννη Ρέντη
23.6851922,37.9619383,15591437,Πολυκράτους Σπύρου
23.6851591,37.9619606,15591437,Πολυκράτους Σπύρου
23.6851203,37.9619986,15591437,Πολυκράτους Σπύρου
23.6850989,37.962034,15591437,Πολυκράτους Σπύρου
23.6850806,37.9620611,15591437,Πολυκράτους Σπύρου
23.6850551,37.9620914,15591437,Πολυκράτους Σπύρου
23.6850305,37.9621166,15591437,Πολυκράτους Σπύρου
23.6850025,37.9621386,15591437,Πολυκράτους Σπύρου
23.6849391,37.9621829,15591437,Πολυκράτους Σπύρου
23.6848197,37.9622397,15591437,Πολυκράτους Σπύρου
23.6844658,37.9624202,15591437,Πολυκράτους Σπύρου
23.6853381,37.9880327,15591903,Αυτοκινητόδρομος 1 (Αθήνα - Θεσσαλονίκη - Εύζωνοι)
23.6849434,37.9874788,15591903,Αυτοκινητόδρομος 1 (Αθήνα - Θεσσαλονίκη - Εύζωνοι)
23.6847087,37.9871423,15591903,Αυτοκινητόδρομος 1 (Αθήνα - Θεσσαλονίκη - Εύζωνοι)
23.6845248,37.9868833,15591903,Αυτοκινητόδρομος 1 (Αθήνα - Θεσσαλονίκη - Εύζωνοι)
23.6842311,37.9864623,15591903,Αυτοκινητόδρομος 1 (Αθήνα - Θεσσαλονίκη - Εύζωνοι)
23.6840045,37.9861374,15591903,Αυτοκινητόδρομος 1 (Αθήνα - Θεσσαλονίκη - Εύζωνοι)
23.6836548,37.9856344,15591903,Αυτοκινητόδρομος 1 (Αθήνα - Θεσσαλονίκη - Εύζωνοι)
23.68346,37.9853677,15591903,Αυτοκινητόδρομος 1 (Αθήνα - Θεσσαλονίκη - Εύζωνοι)
23.683127,37.9849065,15591903,Αυτοκινητόδρομος 1 (Αθήνα - Θεσσαλονίκη - Εύζωνοι)
23.6829387,37.9846414,15591903,Αυτοκινητόδρομος 1 (Αθήνα - Θεσσαλονίκη - Εύζωνοι)
23.682826,37.9844891,15591903,Αυτοκινητόδρομος 1 (Αθήνα - Θεσσαλονίκη - Εύζωνοι)
23.6825685,37.9842054,15591903,Αυτοκινητόδρομος 1 (Αθήνα - Θεσσαλονίκη - Εύζωνοι)
23.6822907,37.983811,15591903,Αυτοκινητόδρομος 1 (Αθήνα - Θεσσαλονίκη - Εύζωνοι)
23.6821493,37.9836177,15591903,Αυτοκινητόδρομος 1 (Αθήνα - Θεσσαλονίκη - Εύζωνοι)
23.6819654,37.9833752,15591903,Αυτοκινητόδρομος 1 (Αθήνα - Θεσσαλονίκη - Εύζωνοι)
23.6816485,37.9829365,15591903,Αυτοκινητόδρομος 1 (Αθήνα - Θεσσαλονίκη - Εύζωνοι)
23.6813167,37.9824864,15591903,Αυτοκινητόδρομος 1 (Αθήνα - Θεσσαλονίκη - Εύζωνοι)
23.6809364,37.981908,15591903,Αυτοκινητόδρομος 1 (Αθήνα - Θεσσαλονίκη - Εύζωνοι)
23.6805545,37.9813614,15591903,Αυτοκινητόδρομος 1 (Αθήνα - Θεσσαλονίκη - Εύζωνοι)
23.680299,37.9810192,15591903,Αυτοκινητόδρομος 1 (Αθήνα - Θεσσαλονίκη - Εύζωνοι)
23.6799621,37.9805484,15591903,Αυτοκινητόδρομος 1 (Αθήνα - Θεσσαλονίκη - Εύζωνοι)
23.6797073,37.9802004,15591903,Αυτοκινητόδρομος 1 (Αθήνα - Θεσσαλονίκη - Εύζωνοι)
23.6790696,37.9792967,15591903,Αυτοκινητόδρομος 1 (Αθήνα - Θεσσαλονίκη - Εύζωνοι)
23.678722,37.9788148,15591903,Αυτοκινητόδρομος 1 (Αθήνα - Θεσσαλονίκη - Εύζωνοι)
23.678351,37.9783072,15591903,Αυτοκινητόδρομος 1 (Αθήνα - Θεσσαλονίκη - Εύζωνοι)
23.678104,37.9779572,15591903,Αυτοκινητόδρομος 1 (Αθήνα - Θεσσαλονίκη - Εύζωνοι)
23.6782584,37.9779124,15592304,Αυτοκινητόδρομος 1 (Αθήνα - Θεσσαλονίκη - Εύζωνοι)
23.6786816,37.9785021,15592304,Αυτοκινητόδρομος 1 (Αθήνα - Θεσσαλονίκη - Εύζωνοι)
23.6800087,37.9803511,15592304,Αυτοκινητόδρομος 1 (Αθήνα - Θεσσαλονίκη - Εύζωνοι)
23.6805754,37.9811347,15592304,Αυτοκινητόδρομος 1 (Αθήνα - Θεσσαλονίκη - Εύζωνοι)
23.6815095,37.9823899,15592304,Αυτοκινητόδρομος 1 (Αθήνα - Θεσσαλονίκη - Εύζωνοι)
23.6818658,37.982879,15592304,Αυτοκινητόδρομος 1 (Αθήνα - Θεσσαλονίκη - Εύζωνοι)
23.6822739,37.9834394,15592304,Αυτοκινητόδρομος 1 (Αθήνα - Θεσσαλονίκη - Εύζωνοι)
23.6827717,37.9841565,15592304,Αυτοκινητόδρομος 1 (Αθήνα - Θεσσαλονίκη - Εύζωνοι)
23.6829152,37.9843545,15592304,Αυτοκινητόδρομος 1 (Αθήνα - Θεσσαλονίκη - Εύζωνοι)
23.683335,37.9849464,15592304,Αυτοκινητόδρομος 1 (Αθήνα - Θεσσαλονίκη - Εύζωνοι)
23.6836752,37.9854114,15592304,Αυτοκινητόδρομος 1 (Αθήνα - Θεσσαλονίκη - Εύζωνοι)
23.6843682,37.9863889,15592304,Αυτοκινητόδρομος 1 (Αθήνα - Θεσσαλονίκη - Εύζωνοι)
23.6850033,37.9872819,15592304,Αυτοκινητόδρομος 1 (Αθήνα - Θεσσαλονίκη - Εύζωνοι)
23.6854278,37.9879223,15592304,Αυτοκινητόδρομος 1 (Αθήνα - Θεσσαλονίκη - Εύζωνοι)
23.6668391,37.9447325,15593349,Εθνάρχου Μακαρίου
23.6667681,37.9447277,15593349,Εθνάρχου Μακαρίου
23.6665322,37.9447043,15593349,Εθνάρχου Μακαρίου
23.6663614,37.9446858,15593349,Εθνάρχου Μακαρίου
23.6662084,37.9446648,15593349,Εθνάρχου Μακαρίου
23.6660087,37.9446344,15593349,Εθνάρχου Μακαρίου
23.6636283,37.9440536,15594006,
23.6639825,37.9439775,15594006,
23.6640878,37.943962,15594006,
23.6641557,37.9439556,15594006,
23.6642307,37.9439525,15594006,
23.664868,37.9439346,15594006,
23.6649736,37.9439288,15594006,
23.6652993,37.9439044,15594006,
23.665496,37.9438913,15594006,
23.6655594,37.9438923,15594006,
23.6655958,37.9438973,15594006,
23.6656302,37.9439058,15594006,
23.6656896,37.9439263,15594006,
23.6657514,37.9439576,15594006,
23.6744901,37.944173,15594032,
23.6740798,37.9442149,15594032,
23.6738799,37.9442388,15594032,
23.6736719,37.9442627,15594032,
23.6734781,37.9442898,15594032,
23.6731007,37.9443459,15594032,
23.779914,38.0097259,16945477,
23.7801098,38.0097838,16945477,
23.780153,38.0097931,16945477,
23.7802867,38.0098051,16945477,
23.7803621,38.0098044,16945477,
23.780865,38.0098169,16945479,Εθνικής Αντιστάσεως
23.7807703,38.0098506,16945479,Εθνικής Αντιστάσεως
23.7806384,38.0098562,16945479,Εθνικής Αντιστάσεως
23.7805398,38.0098662,16945479,Εθνικής Αντιστάσεως
23.7891814,38.0240293,16946833,Καποδιστρίου
23.7891675,38.0240369,16946833,Καποδιστρίου
23.7890768,38.0240864,16946833,Καποδιστρίου
23.7890056,38.0241307,16946833,Καποδιστρίου
23.7889154,38.02419,16946833,Καποδιστρίου
23.7887528,38.024313,16946833,Καποδιστρίου
23.788447,38.024556,16946833,Καποδιστρίου
23.7883022,38.0246595,16946833,Καποδιστρίου
23.7872915,38.0253247,16946833,Καποδιστρίου
23.7870569,38.0254694,16946833,Καποδιστρίου
23.7857566,38.0262715,16946833,Καποδιστρίου
23.7850813,38.0266673,16946833,Καποδιστρίου
23.7850281,38.0266985,16946833,Καποδιστρίου
23.7839382,38.0273702,16946833,Καποδιστρίου
23.7836813,38.0275175,16946833,Καποδιστρίου
23.7834326,38.0276499,16946833,Καποδιστρίου
